{
    "train": {
        "mae": 9.561232566833496,
        "r2": 0.5863720415791943,
        "pearson_r": 0.7657493333847535
    },
    "val": {
        "mae": 10.902504920959473,
        "r2": 0.45801302645728326,
        "pearson_r": 0.6767665967357456
    },
    "test": {
        "mae": 10.241549491882324,
        "r2": 0.46237554010191817,
        "pearson_r": 0.6799820145429717
    }
}