{
    "train": {
        "mae": 9.50860595703125,
        "r2": 0.5913249787442663,
        "pearson_r": 0.7689765788008541
    },
    "val": {
        "mae": 10.80561637878418,
        "r2": 0.46097841533932593,
        "pearson_r": 0.6789539125296546
    },
    "test": {
        "mae": 10.174057006835938,
        "r2": 0.4642606692952369,
        "pearson_r": 0.6813667656227715
    }
}