{"train/gep": 173.81683349609375, "train/mvc": 173.5560302734375, "train/dab": 0.0, "_timestamp": 1724920352.5060232, "_runtime": 2925.5125892162323, "_step": 5433, "valid/loss": {"min": 174.180436763526}, "epoch": 10, "test/NMI_cluster/label": 0.28984730779101275, "test/ARI_cluster/label": 0.18133682861032463, "test/ASW_label": 0.4462558664381504, "test/graph_conn": 0.4267496395772379, "test/avg_bio": {"max": 0.30581333427982926}, "test/batch_umap": {"_type": "image-file", "sha256": "9c517bdf3dea779c9d4821543ce7fac8986b23dbaf6d61466f8251f0bc51413d", "size": 634248, "path": "media/images/test/batch_umap_5432_9c517bdf3dea779c9d48.png", "format": "png", "width": 1200, "height": 1200, "caption": "celltype avg_bio epoch 9"}, "test/celltype_umap": {"_type": "image-file", "sha256": "15e025e89a2d92e293827a8eb39a02f46066f4e85ce7630f5dc0d1788d742bb8", "size": 824308, "path": "media/images/test/celltype_umap_5432_15e025e89a2d92e29382.png", "format": "png", "width": 1200, "height": 1200, "caption": "celltype avg_bio epoch 9"}, "test/best_model_epoch": 9, "avg_bio": 0.30581333427982926}