{
    "train": {
        "mae": 11.128530502319336,
        "r2": 0.45821666735405553,
        "pearson_r": 0.676917031366515
    },
    "val": {
        "mae": 12.441911697387695,
        "r2": 0.34652882655174705,
        "pearson_r": 0.5886669912197787
    },
    "test": {
        "mae": 11.238505363464355,
        "r2": 0.3515700718961695,
        "pearson_r": 0.5929334464306846
    },
    "method": "mlp",
    "stage": 2,
    "celltype": "effector_memory_CD8-positive_alpha-beta_T_cell",
    "timestamp": "20250218_011254"
}