{
    "train": {
        "mae": 11.04963207244873,
        "r2": 0.49327312285294594,
        "pearson_r": 0.7023340536047971
    },
    "val": {
        "mae": 13.353829383850098,
        "r2": 0.3211669830689029,
        "pearson_r": 0.5667159633086957
    },
    "test": {
        "mae": 12.17480754852295,
        "r2": 0.35299985558060704,
        "pearson_r": 0.5941379095636021
    },
    "method": "mlp",
    "stage": 1,
    "celltype": "effector_memory_CD8-positive_alpha-beta_T_cell",
    "timestamp": "20250218_004438"
}