{"train/gep": 852.8382568359375, "train/mvc": 740.1351928710938, "train/dab": 0.0, "_timestamp": 1724915997.234991, "_runtime": 236.5145971775055, "_step": 9}