{"train/gep": 174.117919921875, "train/mvc": 174.2973175048828, "train/dab": 0.0, "_timestamp": 1725009687.3239253, "_runtime": 2415.0642981529236, "_step": 5431, "valid/loss": {"min": 173.85041264577526}, "epoch": 10, "test/NMI_cluster/label": 0.14843447366913873, "test/ARI_cluster/label": 0.05429034050602362, "test/ASW_label": 0.4731547888368368, "test/graph_conn": 0.1957669222451447, "test/avg_bio": {"max": 0.22529320100399972}, "test/batch_umap": {"_type": "image-file", "sha256": "05836562e5961039d1880fe506ba1b7b05d66169be9632493e293b3aaafac172", "size": 89933, "path": "media/images/test/batch_umap_2715_05836562e5961039d188.png", "format": "png", "width": 1200, "height": 1200, "caption": "celltype avg_bio epoch 5"}, "test/celltype_umap": {"_type": "image-file", "sha256": "bbad03bc0daffc840972fb8efedc6585271406b344d83ab738fbca2227fa57d5", "size": 177997, "path": "media/images/test/celltype_umap_2715_bbad03bc0daffc840972.png", "format": "png", "width": 1200, "height": 1200, "caption": "celltype avg_bio epoch 5"}, "test/best_model_epoch": 5, "avg_bio": 0.22529320100399972}