{
    "train": {
        "mae": 9.484375953674316,
        "r2": 0.5904930503086762,
        "pearson_r": 0.7684354561761685
    },
    "val": {
        "mae": 10.80594253540039,
        "r2": 0.458847025947849,
        "pearson_r": 0.6773824812820664
    },
    "test": {
        "mae": 10.162067413330078,
        "r2": 0.4639682176067605,
        "pearson_r": 0.6811521251576336
    },
    "method": "lasso",
    "stage": 2,
    "celltype": "effector_memory_CD8-positive_alpha-beta_T_cell",
    "timestamp": "20250212_231829"
}