{
    "train": {
        "mae": 9.514321327209473,
        "r2": 0.5898831956290812,
        "pearson_r": 0.7680385378541114
    },
    "val": {
        "mae": 10.824649810791016,
        "r2": 0.45868450482945833,
        "pearson_r": 0.6772625080642353
    },
    "test": {
        "mae": 10.181595802307129,
        "r2": 0.4642222220235635,
        "pearson_r": 0.6813385516933292
    },
    "method": "lasso",
    "stage": 1,
    "celltype": "effector_memory_CD8-positive_alpha-beta_T_cell",
    "timestamp": "20250212_224920"
}