{
    "train": {
        "mae": 8.276952743530273,
        "r2": 0.478049693430839,
        "pearson_r": 0.6914113778575234
    },
    "val": {
        "mae": 8.958510398864746,
        "r2": 0.3562642301577862,
        "pearson_r": 0.596878739911036
    }
}